<?xml version="1.0" encoding="UTF-8"?>
<rss version="2.0" xmlns:ror="http://rorweb.com/0.1/" >
<channel>
  <title>ROR Sitemap for http://std1425853.aptech-students.com/Origami/</title>
  <link>http://std1425853.aptech-students.com/Origami/</link>

<item>
     <link>http://std1425853.aptech-students.com/Origami/</link>
     <title>Origami - Easy Origami</title>
     <description>Learn how to make easy origami with short and simple instructions, Create beautiful origami hearts with easy to follow instructions, Discover the art of origami and learn how to make stunning origami crane with step by step instructions, Explore wide selection of high quality paper in various colors</description>
     <ror:updatePeriod></ror:updatePeriod>
     <ror:sortOrder>0</ror:sortOrder>
     <ror:resourceOf>sitemap</ror:resourceOf>
</item>
<item>
     <link>http://std1425853.aptech-students.com/Origami/index.Html</link>
     <title>Origami - Easy Origami</title>
     <description>Learn how to make easy origami with short and simple instructions, Create beautiful origami hearts with easy to follow instructions, Discover the art of origami and learn how to make stunning origami crane with step by step instructions, Explore wide selection of high quality paper in various colors</description>
     <ror:updatePeriod></ror:updatePeriod>
     <ror:sortOrder>1</ror:sortOrder>
     <ror:resourceOf>sitemap</ror:resourceOf>
</item>
<item>
     <link>http://std1425853.aptech-students.com/Origami/About%20Us.Html</link>
     <title>Origami - About Us</title>
     <description>Learn how to make easy origami with short and simple instructions, Create beautiful origami hearts with easy to follow instructions, Discover the art of origami and learn how to make stunning origami crane with step by step instructions, Explore wide selection of high quality paper in various colors</description>
     <ror:updatePeriod></ror:updatePeriod>
     <ror:sortOrder>1</ror:sortOrder>
     <ror:resourceOf>sitemap</ror:resourceOf>
</item>
<item>
     <link>http://std1425853.aptech-students.com/Origami/Gallery.Html</link>
     <title>Origami - Gallery</title>
     <description>Learn how to make easy origami with short and simple instructions, Create beautiful origami hearts with easy to follow instructions, Discover the art of origami and learn how to make stunning origami crane with step by step instructions, Explore wide selection of high quality paper in various colors</description>
     <ror:updatePeriod></ror:updatePeriod>
     <ror:sortOrder>1</ror:sortOrder>
     <ror:resourceOf>sitemap</ror:resourceOf>
</item>
<item>
     <link>http://std1425853.aptech-students.com/Origami/Fortune_Teller.Html</link>
     <title>Origami - Fortune Teller</title>
     <description>Learn how to make easy origami with short and simple instructions, Create beautiful origami hearts with easy to follow instructions, Discover the art of origami and learn how to make stunning origami crane with step by step instructions, Explore wide selection of high quality paper in various colors</description>
     <ror:updatePeriod></ror:updatePeriod>
     <ror:sortOrder>1</ror:sortOrder>
     <ror:resourceOf>sitemap</ror:resourceOf>
</item>
<item>
     <link>http://std1425853.aptech-students.com/Origami/Heart.Html</link>
     <title>Origami - Heart</title>
     <description>Learn how to make easy origami with short and simple instructions, Create beautiful origami hearts with easy to follow instructions, Discover the art of origami and learn how to make stunning origami crane with step by step instructions, Explore wide selection of high quality paper in various colors</description>
     <ror:updatePeriod></ror:updatePeriod>
     <ror:sortOrder>1</ror:sortOrder>
     <ror:resourceOf>sitemap</ror:resourceOf>
</item>
<item>
     <link>http://std1425853.aptech-students.com/Origami/Crane.Html</link>
     <title>Origami - Crane</title>
     <description>Learn how to make easy origami with short and simple instructions, Create beautiful origami hearts with easy to follow instructions, Discover the art of origami and learn how to make stunning origami crane with step by step instructions, Explore wide selection of high quality paper in various colors</description>
     <ror:updatePeriod></ror:updatePeriod>
     <ror:sortOrder>1</ror:sortOrder>
     <ror:resourceOf>sitemap</ror:resourceOf>
</item>
<item>
     <link>http://std1425853.aptech-students.com/Origami/Lotus_Flower.Html</link>
     <title>Origami - Lotus Flower</title>
     <description>Learn how to make easy origami with short and simple instructions, Create beautiful origami hearts with easy to follow instructions, Discover the art of origami and learn how to make stunning origami crane with step by step instructions, Explore wide selection of high quality paper in various colors</description>
     <ror:updatePeriod></ror:updatePeriod>
     <ror:sortOrder>1</ror:sortOrder>
     <ror:resourceOf>sitemap</ror:resourceOf>
</item>
<item>
     <link>http://std1425853.aptech-students.com/Origami/Masu_Box.Html</link>
     <title>Origami - Masu Box</title>
     <description>Learn how to make easy origami with short and simple instructions, Create beautiful origami hearts with easy to follow instructions, Discover the art of origami and learn how to make stunning origami crane with step by step instructions, Explore wide selection of high quality paper in various colors</description>
     <ror:updatePeriod></ror:updatePeriod>
     <ror:sortOrder>1</ror:sortOrder>
     <ror:resourceOf>sitemap</ror:resourceOf>
</item>
<item>
     <link>http://std1425853.aptech-students.com/Origami/Jumping_Frog.Html</link>
     <title>Origami - Jumping Frog</title>
     <description>Learn how to make easy origami with short and simple instructions, Create beautiful origami hearts with easy to follow instructions, Discover the art of origami and learn how to make stunning origami crane with step by step instructions, Explore wide selection of high quality paper in various colors</description>
     <ror:updatePeriod></ror:updatePeriod>
     <ror:sortOrder>1</ror:sortOrder>
     <ror:resourceOf>sitemap</ror:resourceOf>
</item>
<item>
     <link>http://std1425853.aptech-students.com/Origami/Butterfly.Html</link>
     <title>Origami - Butterfly</title>
     <description>Learn how to make easy origami with short and simple instructions, Create beautiful origami hearts with easy to follow instructions, Discover the art of origami and learn how to make stunning origami crane with step by step instructions, Explore wide selection of high quality paper in various colors</description>
     <ror:updatePeriod></ror:updatePeriod>
     <ror:sortOrder>1</ror:sortOrder>
     <ror:resourceOf>sitemap</ror:resourceOf>
</item>
<item>
     <link>http://std1425853.aptech-students.com/Origami/Swan.Html</link>
     <title>Origami - Swan</title>
     <description>Learn how to make easy origami with short and simple instructions, Create beautiful origami hearts with easy to follow instructions, Discover the art of origami and learn how to make stunning origami crane with step by step instructions, Explore wide selection of high quality paper in various colors</description>
     <ror:updatePeriod></ror:updatePeriod>
     <ror:sortOrder>1</ror:sortOrder>
     <ror:resourceOf>sitemap</ror:resourceOf>
</item>
<item>
     <link>http://std1425853.aptech-students.com/Origami/Hat.Html</link>
     <title>Origami - Hat</title>
     <description>Learn how to make easy origami with short and simple instructions, Create beautiful origami hearts with easy to follow instructions, Discover the art of origami and learn how to make stunning origami crane with step by step instructions, Explore wide selection of high quality paper in various colors</description>
     <ror:updatePeriod></ror:updatePeriod>
     <ror:sortOrder>1</ror:sortOrder>
     <ror:resourceOf>sitemap</ror:resourceOf>
</item>
<item>
     <link>http://std1425853.aptech-students.com/Origami/Water_Balloon.Html</link>
     <title>Origami - Water Balloon</title>
     <description>Learn how to make easy origami with short and simple instructions, Create beautiful origami hearts with easy to follow instructions, Discover the art of origami and learn how to make stunning origami crane with step by step instructions, Explore wide selection of high quality paper in various colors</description>
     <ror:updatePeriod></ror:updatePeriod>
     <ror:sortOrder>1</ror:sortOrder>
     <ror:resourceOf>sitemap</ror:resourceOf>
</item>
<item>
     <link>http://std1425853.aptech-students.com/Origami/Contact%20Us.Html</link>
     <title>Origami - Contact Us</title>
     <description>Learn how to make easy origami with short and simple instructions, Create beautiful origami hearts with easy to follow instructions, Discover the art of origami and learn how to make stunning origami crane with step by step instructions, Explore wide selection of high quality paper in various colors</description>
     <ror:updatePeriod></ror:updatePeriod>
     <ror:sortOrder>1</ror:sortOrder>
     <ror:resourceOf>sitemap</ror:resourceOf>
</item>
<item>
     <link>http://std1425853.aptech-students.com/Origami/Help%20&amp;%20Feedback.Html</link>
     <title>Origami - Help &amp; Feedback</title>
     <description>Learn how to make easy origami with short and simple instructions, Create beautiful origami hearts with easy to follow instructions, Discover the art of origami and learn how to make stunning origami crane with step by step instructions, Explore wide selection of high quality paper in various colors</description>
     <ror:updatePeriod></ror:updatePeriod>
     <ror:sortOrder>1</ror:sortOrder>
     <ror:resourceOf>sitemap</ror:resourceOf>
</item>
<item>
     <link>http://std1425853.aptech-students.com/Origami/Classifications.Html</link>
     <title>Origami - Classifications</title>
     <description>Learn how to make easy origami with short and simple instructions, Create beautiful origami hearts with easy to follow instructions, Discover the art of origami and learn how to make stunning origami crane with step by step instructions, Explore wide selection of high quality paper in various colors</description>
     <ror:updatePeriod></ror:updatePeriod>
     <ror:sortOrder>1</ror:sortOrder>
     <ror:resourceOf>sitemap</ror:resourceOf>
</item>
</channel>
</rss>
  